task-#,description
C CHECK,CARRY OUT C CHECK AS PER CUSTOMER REQUEST
20-040-05-01,"Lightning/HIRF Protection Components - Wing to Body Fairing, Left"
20-040-05-02,"Lightning/HIRF Protection Components - Wing to Body Fairing, Right"
24-050-01-01,Left QAD
24-050-02-01,Right QAD
25-090-00-01,Inspect Attendant Seat Harness
25-100-00-01,Check Attendant Seat Harness
25-370-00-01,Detachable Emergency Equipment
25-400-00-01,Smoke Hoods
26-050-00-01,Engine Fire Bottle Pressure Gauges
27-034-01-01,Left Wing Aileron Balance Bay Seals
27-034-02-01,Right Wing Aileron Balance Bay Seals
27-040-00-01,Feel and Centering Spring Lubrication
27-110-00-01,Stabilizer Trim Jackscrew Inspection
27-136-01-01,Left Wing Flap Skew Sensor Mechanism Lubrication
27-136-02-01,Right Wing Flap Skew Sensor Mechanism Lubrication
27-138-00-01,Left Wing Flap Drive Torque Tubes
27-138-00-02,Right Wing Flap Drive Torque Tubes
27-216-00-01,Autoslat System
27-226-00-01,Flight Control Cables - Left Main Gear Well
27-226-00-02,Flight Control Cables - Right Main Gear Well
27-226-00-03,Control Cables - Left Wing Aft Spar
27-226-00-04,Control Cables - Right Wing Aft Spar Area
27-228-00-01,Flight Control Cables - Area Above Main Landing Gear Wheel Well
27-228-00-02,Flight Control Cables - Lower Nose Compartment
27-228-00-03,Flight Control Cables - EE Compartment
27-228-00-04,Flight Control Cables - Air Conditioning Distribution Bay
27-228-00-05,Flight Control Cables - Forward Cargo Compartment
27-228-00-06,Flight Control Cables - Aft Cargo Compartment
27-228-00-07,Flight Control Cables - Aft Cargo Compartment Equipment Bay
27-228-00-08,Flight Control Cables - Tail Compartment
27-235-00-01,Flight Control Cable Tension
27-235-00-02,Flight Control Cable Tension
28-020-01-01,Operationally Check Left Surge Tank Pressure Relief Valves
28-020-02-01,Operationally Check Right Surge Tank Pressure Relief Valves
28-030-01-01,Inspect (Detailed) the Left Surge Tank Vent Flame Arrestor
28-030-02-01,Inspect (Detailed) the Right Surge Tank Vent Flame Arrestor
28-050-00-01,ENGINE FUEL SUCTION FEED
28-150-00-01,FUNCTIONAL CHECK OF THE FUEL PUMP BONDING TO STRUCTURE - LEFT WING (SFAR 88)
28-150-00-02,FUNCTIONAL CHECK OF THE FUEL PUMP BONDING TO STRUCTURE - RIGHT WING (SFAR 88)
29-050-01-01,EDP Case Drain Filter
29-050-02-01,EDP Case Drain Filter
31-160-02-01,First Officer's Display Units Ventilation Hole Cleaning
32-085-00-01,Nose Landing Gear Axle inspection
32-200-00-01,Nose Gear Manual Extension
32-220-00-01,Left Main Gear Manual Extension
32-440-00-01,Control Cables - NLG
32-440-00-02,Landing Gear Control Cables - Left MLG Wheel Well
32-440-00-03,Landing Gear Control Cables - Right MLG Wheel Well
32-450-00-01,Landing Gear Control Cables - Area Above Main Landing Gear Wheel Well
32-450-00-02,Landing Gear Control Cables - Lower Nose Compartment
32-450-00-03,Landing Gear Control Cables - Electronics Compartment
32-450-00-04,Landing Gear Control Cables - Air Conditioning Distribution Bay
32-450-00-05,Landing Gear Control Cables - Forward Cargo Compartment
33-090-01-01,Winglet Leading Edge Lens
34-030-00-01,Pitot Static System Leak Check
34-030-00-10,Pitot Static System Leak Check
34-060-00-01,Pitot Static System Leak Check
34-060-00-10,Pitot Static System Leak Check
34-060-10-01,Air Data System - Altimetry System
34-060-10-02,Air Data System - Altimetry System
34-105-00-01,Source Select Panel Inertial Reference System Transfer Switch
34-110-01-01,ATC System Functional Check
34-110-01-02,Perform a functional check of the aircraft's ATC system.
34-110-01-03,Functionally check the air traffic control system (ATC).
34-110-01-04,Functionally check the air traffic control system (ATC).
35-052-00-01,"Visually (cross) check the flight crew oxygen cylinder pressure indicator and the control compartment flight crew
oxygen indicator."
38-030-00-01,Restore Vacuum Blower Filter
38-100-00-01,Waste Tank Water Separator
52-010-00-01,Forward Entry Door Lubrication
52-010-00-02,Forward Service Door Lubrication
52-010-00-03,Aft Entry Door Lubrication
52-010-00-04,Aft Service Door Lubrication
52-030-00-01,Forward Entry Door Inspection
52-040-00-01,Fwd Service Door Inspection
52-040-00-02,Aft Entry Door Inspection
52-040-00-03,Aft Service Door Inspection
52-120-00-01,E/E Access Door Lubrication
52-350-00-01,Main Deck Cargo Door Control Panel Operational Check
52-360-00-01,Flight Deck Door Decompression Panel Latches/Pressure Switches
52-510-00-01,Forward Access Door Stop Fittings and Pins
52-540-00-01,E/E Equipment Compartment Access Door Stop Fittings and Pins
52-610-00-01,Forward Entry Door Stop Fittings and Pins
52-610-00-02,Forward Galley Service Door Stop Fittings and Pins
52-610-00-03,Aft Entry Door Stop Fittings and Pins
52-610-00-04,Aft Galley Service Door Stop Fittings and Pins
52-670-00-01,Forward Cargo Door Stop Fittings and Pins
52-670-00-02,Aft Cargo Door Stop Fittings and Pins
52-730-00-01,Left Overwing Emergency Exit Door Stop Fittings and Pins
52-730-00-02,Right Overwing Emergency Exit Door Stop Fittings and Pins
52-770-00-01,Main Deck Cargo Door
52-804-02-01,Forward Cargo Door
52-808-02-01,Aft Cargo Door
52-810-01-01,Forward Passenger Door
52-812-01-01,Forward Passenger Door
52-814-01-01,Automatic Overwing Exit
52-818-01-01,Automatic Overwing Exit
52-822-01-01,Aft Passenger Door
52-822-01-02,"ZONAL (GVI) AFT PASSENGER DOOR, : For 737-800BCF,"
52-824-01-01,Aft Passenger Door
52-826-02-01,Forward Galley Service Door
52-828-02-01,Forward Galley Service Door
52-830-02-01,Automatic Overwing Exit
52-834-02-01,Automatic Overwing Exit
52-838-02-01,Aft Galley Service Door
52-838-02-02,External zonal inspection (GV) of the aft galley service door
52-840-02-01,Aft Galley Service Door
53-010-00-01,"Fuselage Lower Lobe, Forward Access Door Cutout"
53-010-00-02,"Fuselage Lower Lobe, EE Compartment Door Cutout"
53-010-00-03,"Fuselage Lower Lobe, Fwd Airstair Door Cutout"
53-030-00-01,"Forward Cargo Door Surround Structure, Fittings and Stops"
53-030-00-02,"Aft Cargo Door Surround Structure, Fittings and Stops"
53-050-00-01,Main Landing Gear Wheel Well
53-310-00-01,"Forward Entry Door Frame, Stops, Latches and Hinges"
53-310-00-02,"Forward Galley Service Door Frame, Stops, Latches and Hinges"
53-310-00-03,"Aft Entry Door Frame, Stops, Latches and Hinges"
53-310-00-04,"Aft Galley Service Door Frame, Stops, Latches and Hinges"
53-495-00-01,"EXTERNAL - DETAILED: MAIN DECK CARGO DOOR CUTOUT FRAMES, FITTINGS, PINS, AND
HINGES"
53-802-00-01,Radome
53-804-00-01,Area Forward of Nose Wheel Well
53-806-00-01,Area Above and Outboard of Nose Wheel Well
53-808-00-01,Electrical and Electronics Compartment
53-810-00-01,Electrical and Electronics Compartment Access Door
53-822-00-01,Air Conditioning Distribution Bay
53-828-00-01,Keel Beam (Part) Sta 540 to 727
53-832-00-01,Aft Cargo Compartment
53-838-00-01,Aft Cargo Compartment Vacuum Waste Compartment
53-842-00-01,Aft Cargo Compartment Equipment Bay
53-846-00-01,Lower Wing to Body Fairing - Forward of Wing Box
53-848-00-01,Lower Wing to Body Fairing - Under Wing Box
53-852-00-01,Lower Wing to Body Fairing - Aft of Wheel Well
53-858-00-01,Flight Control Compartment
53-860-00-01,Flight Control Compartment
53-864-00-01,Passenger Compartment - Aft of Control Compartment to Fwd Entry Door
53-866-00-01,"Passenger Compartment - Section 41, STA 270 to STA 360"
53-896-00-01,Area Aft of Pressure Bulkhead
53-896-00-02,Area Aft of Pressure Bulkhead
53-898-00-01,Stabilizer Torsion Box Compartment
53-902-00-01,Tail Cone
53-910-00-01,EXTERNAL - ZONAL (GV): Main Deck Cargo Compartment - Sta 360 to Sta 1016
53-912-00-01,INTERNAL - ZONAL (GV): Main Deck Cargo Compartment
54-015-01-01,Left Strut Attach Bolts at Forward Engine Mount
54-015-02-01,Right Strut Attach Bolts at Forward Engine Mounts
54-070-01-01,Left Strut Box
54-070-02-01,Right Strut Box
54-080-01-01,Left Strut Box
54-080-02-01,Right Strut Box
54-090-01-01,Functional Check Left Engine Forward Strut and Aft Strut Fairing Drains
54-090-02-01,Functional Check Right Engine Forward Strut and Aft Strut Fairing Drains
54-800-01-01,Forward Strut Fairing - Engine No. 1
54-802-01-01,Fan Cowl Support Beam - Engine No. 1
54-806-01-01,Aft Strut Fairing - Engine No. 1
54-808-02-01,Forward Strut Fairing - Engine No. 2
54-810-02-01,Fan Cowl Support Beam - Engine No. 2
54-814-02-01,Aft Strut Fairing - Engine No. 2
55-120-01-01,Left Horizontal Stabilizer Trailing Edge
55-120-02-01,Right Horizontal Stabilizer Trailing Edge
55-802-00-01,Vertical Fin - Dorsal Fin
55-804-00-01,Vertical Fin - Leading Edge (Only if HF System Installed)
55-806-00-01,Vertical Fin - Leading Edge
55-810-00-01,Vertical Fin - Front Spar to Rear Spar
55-812-00-01,Vertical Fin - Front Spar to Rear Spar
55-814-00-01,Vertical Fin - Rear Spar to Trailing Edge
55-816-00-01,Vertical Fin - Rear Spar to Trailing Edge
55-820-00-01,Vertical Fin Tip
55-822-01-01,Horizontal Stabilizer - Leading Edge - Left
55-828-01-01,Horizontal Stabilizer - Rear Spar to Trailing Edge - Left
55-830-01-01,Horizontal Stabilizer - Rear Spar to Trailing Edge - Left
55-832-01-01,Horizontal Stabilizer - Elevator - Left
55-834-01-01,Horizontal Stabilizer - Stabilizer Tip - Left
55-836-02-01,Horizontal Stabilizer - Leading Edge - Right
55-842-02-01,Horizontal Stabilizer - Rear Spar to Trailing Edge - Right
55-844-02-01,Horizontal Stabilizer - Rear Spar to Trailing Edge - Right
55-846-02-01,Horizontal Stabilizer - Elevator - Right
55-848-02-01,Horizontal Stabilizer - Stabilizer Tip - Right
56-010-00-01,Control Cabin Sliding Windows
57-030-00-01,Wing Center Section
57-070-01-01,Left Outboard Wing
57-070-02-01,Right Outboard Wing
57-210-02-01,Right Flap Support No. 6
57-280-01-01,Left Inboard Ground Spoiler
57-280-02-01,Right Inboard Ground Spoiler
57-804-01-01,Leading Edge to Front Spar - Inboard of Nacelle Strut - Left Wing
57-806-01-01,Leading Edge to Front Spar - Inboard of Nacelle Strut - Left Wing
57-808-01-01,Krueger Flaps No. 1 and 2 - Left Wing
57-810-01-01,Krueger Flaps No. 1 and 2 - Left Wing
57-812-01-01,Leading Edge to Front Spar - Outboard of Nacelle Strut - Left Wing
57-814-01-01,Leading Edge to Front Spar - Outboard of Nacelle Strut - Left Wing
57-816-01-01,"Slats No. 1, 2, 3, 4 - Left Wing"
57-824-01-01,Center Fuel Tank - Left Wing
57-828-01-01,Main Fuel Tank - Left Wing
57-832-01-01,Surge Tank - Left Wing
57-834-01-01,Dry Bay - Left Wing
57-836-01-01,Fairing Flap Support No. 3 - Left Wing
57-838-01-01,Fairing Flap Support No. 3 - Left Wing
57-840-01-01,Fairing Flap Support No. 2 - Left Wing
57-842-01-01,Fairing Flap Support No. 2 - Left Wing
57-844-01-01,Fairing Flap Support No. 1 - Left Wing
57-846-01-01,Fairing Flap Support No. 1 - Left Wing
57-848-01-01,Rear Spar to Landing Gear Support Beam - Left Wing
57-852-01-01,Inboard Spoiler No. 6 - L. Wing
57-854-01-01,Inboard Flaps - Left Wing
57-858-01-01,Rear Spar to T.E. - Outbd of Inbd Flap - Inbd of Fixed T.E. - L. Wing
57-860-01-01,"Spoilers No. 1, 2, 3, 4, 5 - Left Wing"
57-862-01-01,Outboard Flaps - Left Wing
57-864-01-01,Fixed Trailing Edge - Left Wing
57-868-01-01,Fixed Trailing Edge - Left Wing
57-870-01-01,Aileron - Left Wing
57-874-02-01,Leading Edge to Front Spar - Inbd of Nacelle Strut - Right Wing
57-876-02-01,Leading Edge to Front Spar - Inbd of Nacelle Strut - Right Wing
57-878-02-01,Krueger Flaps No. 3 and 4 - Right Wing
57-880-02-01,Krueger Flaps No. 3 and 4 - Right Wing
57-882-02-01,Leading Edge to Front Spar - Outbd of Nacelle Strut - Right Wing
57-884-02-01,Leading Edge to Front Spar - Outbd of Nacelle Strut - Right Wing
57-886-02-01,"Slats No. 5, 6, 7, 8, - Right Wing"
57-894-02-01,Center Fuel Tank - Right Wing
57-898-02-01,Main Fuel Tank - Right Wing
57-902-02-01,Surge Tank - Right Wing
57-904-02-01,Dry Bay - Right Wing
57-906-02-01,Fairing Flap Support No. 6 - Right Wing
57-908-02-01,Fairing Flap Support No. 6 - Right Wing
57-910-02-01,Fairing Flap Support No. 7 - Right Wing
57-912-02-01,Fairing Flap Support No. 7 - Right Wing
57-914-02-01,Fairing Flap Support No. 8 - Right Wing
57-916-02-01,Fairing Flap Support No. 8 - Right Wing
57-918-02-01,Rear Spar to Landing Gear Support Beam - Right Wing
57-922-02-01,Inboard Spoiler No. 7 - Right Wing
57-924-02-01,Inboard Flaps - Right Wing
57-928-02-01,Rear Spar to T.E. - Outbd of Inbd Flap - Inbd of Fixed T.E. - Right Wing
57-930-02-01,"Spoiler No 8, 9, 10, 11, 12 - Right Wing"
57-932-02-01,Outboard Flaps - Right Wing
57-934-02-01,Fixed Trailing Edge - Right Wing
57-938-02-01,Fixed Trailing Edge - Right Wing
57-940-02-01,Aileron - Right Wing
57-950-01-01,Winglet - Left Wing
57-952-01-01,Winglet - Left Wing
57-960-02-01,Winglet - Right Wing
57-962-02-01,Winglet - Right Wing
70-802-01-01,Engine No. 1
70-808-01-01,Thrust Reverser - Engine No. 1
70-812-02-01,Engine No. 2
70-818-02-01,Thrust Reverser - Engine No. 2
71-010-01-01,Inlet Cowl - Inner Surface
71-010-02-01,Inlet Cowl - Inner Surface
72-020-01-01,Left Engine Inlet and Fan Blades
72-020-02-01,Right Engine Inlet and Fan Blades
72-180-01-01,Left Engine Combustion Chamber
72-180-02-01,Right Engine Combustion Chamber
72-200-01-01,Left Engine HPT Nozzle. (SAC /1 engines)
72-200-01-02,Left Engine HPT Nozzle. (Tech Insertion /3 and 7BE engines)
72-200-02-01,Right Engine HPT Nozzle. (SAC /1 engines)
72-200-02-02,Right Engine HPT Nozzle. (Tech Insertion /3 and 7BE engines)
72-210-01-01,Left Engine HPT Blades
72-210-02-01,Right Engine HPT Blades
737-27A1314,FLIGHT CONTROLS - Rudder and Rudder Trim Control System - Rudder Pedal Shroud Assemblies and Upper Cover Assemblies Change
737-53-1294 R03,"FUSELAGE - Skin - Lower Bulkhead Chords at Body Station 540 - Skin Inspection,
Chord Splice Installation and Skin Repair"
78-120-01-01,Left Engine Bite Check the EAU
78-120-02-01,Right Engine Bite Check the EAU
52-760-00-01,Left Overwing Emergency Exit Hatch/Automatic Overwing Exit
52-760-00-02,Right Overwing Emergency Exit Hatch/Automatic Overwing Exit
53-290-00-01,Overwing Emergency Exit Cutout
52-760-00-01,Left Overwing Emergency Exit Hatch/Automatic Overwing Exit
52-760-00-02,Right Overwing Emergency Exit Hatch/Automatic Overwing Exit
52-570-00-01,E/E Equipment Compartment Access Door
52-740-00-01,Left Overwing Emergency Exit Hatch/Automatic Overwing Exit
52-740-00-02,Right Overwing Emergency Exit Hatch/Automatic Overwing Exit
53-450-00-01,Fuselage Skin Under Dorsal Fin
49-020-00-01,APU Mounts
52-530-00-01,Forward Access Door
52-680-00-01,Forward Cargo Door
52-680-00-02,Aft Cargo Door
52-710-00-01,Forward Cargo Door
52-710-00-02,Aft Cargo Door
52-650-00-01,Forward Entry Door
52-650-00-02,Forward Galley Service Door
52-650-00-03,Aft Entry Door
52-650-00-04,Aft Galley Service Door
52-620-00-01,Forward Entry Door
52-620-00-02,Forward Galley Service Door
52-620-00-03,Aft Entry Door
52-620-00-04,Aft Galley Service Door
52-550-00-01,E/E Equipment Compartment Access Door
27-174-01-01,Left Wing Forward Flap Track Attachment Pin
32-400-00-01,Steering Actuator Rod Ends
70-806-01-01,Thrust Reverser - Engine No. 1
27-174-02-01,Right Wing Forward Flap Track Attachment Pin
32-340-00-01,Parking Brake System
74-020-01-01,Ignition Leads
70-816-02-01,Thrust Reverser - Engine No. 2
32-020-02-01,Right Main Landing Gear Servicing
32-020-01-01,Left Main Landing Gear Servicing
25-220-00-01,Emergency Escape System Operational Check
25-240-00-01,Fwd Entry Emergency Escape Slide
25-240-00-02,Fwd Galley Emergency Escape Slide
33-060-00-01,Emergency Lighting - Battery Pack Restoration
33-060-00-02,Emergency Lighting - Battery Pack Restoration
737-32-1448,LANDING GEAR - MAIN LANDING GEAR - FORWARD AND AFT TRUNNION PIN ASSEMBLIES INSPECTION AND CHANGE
737-53A1414 R01,"FUSELAGE - Frames and Bulkheads - STA 663.75 Frame Fitting and Failsafe Strap
- Inspection"
737-55A1097,STABILIZERS - HORIZONTAL STABILIZER - REAR SPAR UPPER CHORD INSPECTION
737-53-1251,Fuselage-frames and bulkheads - BS1016 aft pressure bulkhead-apex inspection
737-56A1022,WINDOWS - FLIGHT COMPARTMENT - FLIGHT DECK NUMBER 2 WINDOW - INSPECTION
SB 72-1033 LH,ENGINE -FAN AND BOOSTER ASSEMBLY- FAN BLADE DOVETAIL REPETITIVE ULTRASONIC INSPECTION
SB 72-1033 RH,ENGINE -FAN AND BOOSTER ASSEMBLY- FAN BLADE DOVETAIL REPETITIVE ULTRASONIC INSPECTION
72-025-01-01,Lubricate Left Engine Fan Blades Dovetail.
72-025-02-01,Lubricate Right Engine Fan Blades Dovetail.
27-093-00-01,Left Elevator Tab and Tab Mechanism Inspection
27-093-00-02,Right Elevator Tab and Tab Mechanism Inspection
27-099-00-01,Elevator Balance Tab Freeplay Check
27-099-00-02,Elevator Balance Tab Freeplay Check
28-115-00-01,Center Tank Boost Pump Auto Shutoff Test
28-054-00-01,GFI Relay Check
28-056-00-01,Center Tank Fuel Pump Power Failed On Protection System
AWR24/002009/0624,"AS PER CUSTOMER WO-4072, CARRYOUT CLEANING OF ENGINE GAS PATH WITH PURE WARM WATERAMM-72-00-00-100-803-F00P/N : CFM56-7B26Sl.No. : 888844Position/Zone : LH"
AWR24/002010/0624,"AS PER CUSTOMER WO-4073, CARRYOUT CLEANING OF ENGINE GAS PATH WITH PURE WARM WATER.AMM-72-00-00-100-803-F00 P/N : CFM56-7B26 Sl.No. : 888587 Position/Zone : RH"
32-300-00-01,Brake Accumlator Precharge Pressure
27-224-00-01,Standby Hydraulic System Leading Edge Devices Uncommanded Motion
49-140-00-01,CDU'S APU Maintenance Pages
AWR24/002012/0624,AS PER CUSTOMER WO-4107 CARRY OUT THE FOLLOWING TASK:- FUEL SYSTEM SUMPING TASK AS PER AMM 12-11-00-680-801.AMM 12-11-00-680-801
AWR24/002013/0624,"AS PER CUSTOMER WO-4108 CARRY OUT AVM FRONT PANEL BITE, RECORD FLIGHT HISTORY READINGS. ZONE REF; 117 & 118AMM77-31-00-970-803-F00"
AWR24/002015/0624,AS PER CUSTOMER WO-4109 CARRY OUT AIRCRAFT EXTERIOR CLEANING OF THE AIRCRAFT AS PER FORM NO QO/EM/MP/Form-018 - QUIKJET INTERNAL REQUIREMENTAMM 12-40-00-100-803
AWR24/002016/0624,"AS PER CUSTOMER WO-4111, CARRYOUT DOWNLOAD DATA FROM FDR TO CHECK THE INTEGRITY OF THE RECORDING PARAMETERS MEET THE RANGE AND ACCURACY. AMM REF- 31-31-00 ZONE REF: 212 & 240AMM REF 31-31-00"
AWR24/002017/0624,AS PER CUSTOMER WO-4112 CARRYOUT THE FOLLOWING : -ACMS DATA OUTPUT FROM THE DFDAU TO PCMCIA CARD AS PER AMM TASK 31-31-22-400-805 AND 31-31-22-400-819 .AMM31-31-22-400-805 & AMM31-31-22-400-819
AWR24/002018/0624,"AS PER CUSTOMER WO-4113, CARRYOUT PERFORM SERVICE CHECK AS PER THE SERVICE CHECK SCHEDULE (QO/EM/MS/738-SVC DTD 23.04.2024)SERVICE CHECK"
AWR24/002019/0624,AS PER CUSTOMER WO-4114 CARRYOUT MLG FORWARD AND AFT TRUNNION PIN ASSEMBLIES LUBRICATION.CARRY OUT THE ABOVE TASK AS PER EO 2019-01-03.EO 2019-01-03-LUB(SB - 737-32-1448 PARA 2)
32-350-00-01,Tire Inflation Check
32-360-00-01,Nose and Main Gear Tires and Wheels
ISSUE OF COMMERCIAL ITEMS,ISSUE OF COMMERCIAL ITEMS FOR AIRCRAFT MAINTENANCE
AWR24/002045/0624,CARRY OUT ARRIVAL CHECK
