aircraft-model,aircraft-reg-#,customer-name,customer-order-#,fc,fh,issue-date,package-#,package-details,pkg1,pkg2,pkg3,release-tracking-#,c-age-,c-age-2024
A320,HZ-NS26,FLYNAS,CO23/000585/1223,6633.0,11812.0,Mon Jan 22 00:00:00 IST 2024,HMV23/000135/0124,,AIRBUS,HZ-NS26,HMV230001350124,CRS23/000129/0124,3.8 Y,4.9 Y
B737 NG,A6-FEO,FLYDUBAI,CO23/000648/0124,13933.0,38851.0,Mon Mar 11 00:00:00 IST 2024,HMV23/000138/0124,BASE CHECK-06,BOEING-NG,A6-FEO,HMV230001380124,CRS23/000159/0324,9.9 Y,10.5 Y
A320,EX-32008,AERO NOMAD AIRLINES LLC,CO23/000654/0124,35489.0,62038.0,Sat Feb 17 00:00:00 IST 2024,HMV23/000139/0124,C-CHECK+6YR+ADD,AIRBUS,EX-32008,HMV230001390124,CRS23/000144/0224,25.9 Y,26.2 Y
A320,VT-IVG,INDIGO,CO23/000672/0124,11071.0,16057.0,Thu Aug 29 00:00:00 IST 2024,HMV23/000150/0124,,AIRBUS,VT-IVG,HMV230001500124,CRS24/000087/0824,-,-
A320,HZ-NS46,FLYNAS,CO23/000674/0124,3536.0,7056.0,Sat Feb 03 00:00:00 IST 2024,HMV23/000142/0124,C1 CHECK +OOP TASK +AD/SB&EO +TCC,AIRBUS,HZ-NS46,HMV230001420124,CRS23/000136/0224,1.8 Y,2.9 Y
A320,HZ-NS27,FLYNAS,CO23/000675/0124,6257.0,12262.0,Tue Feb 13 00:00:00 IST 2024,HMV23/000154/0124,,AIRBUS,HZ-NS27,HMV230001540124,CRS23/000142/0224,3.8 Y,4.9 Y
A320,9K-CAL,JAZEERA AIRWAYS,CO23/000676/0124,18102.0,35776.0,Tue Mar 12 00:00:00 IST 2024,HMV23/000143/0124,C04+6YR+12YR CHECK,AIRBUS,9K-CAL,HMV230001430124,CRS23/000161/0324,11.8 Y,12.9 Y
A320,9K-CAP,JAZEERA AIRWAYS,CO23/000677/0124,23592.0,36679.0,Fri Mar 01 00:00:00 IST 2024,HMV23/000163/0224,C01+A CHECK,AIRBUS,9K-CAP,HMV230001630224,CRS23/000154/0324,14.4 Y,15.2 Y
B737 MAX,VT-YAK,SNV AVIATION PRIVATE LIMITED AKASA AIR,CO23/000693/0124,2200.0,3990.0,Tue Feb 06 00:00:00 IST 2024,HMV23/000145/0124,RETROFIT PACKAGE,BOEING-MAX,VT-YAK,HMV230001450124,CRS23/000138/0224,4.7 Y,5.6 Y
B737 MAX,VT-YBA,SNV AVIATION PRIVATE LIMITED AKASA AIR,CO23/000694/0124,12.0,34.0,Fri Feb 09 00:00:00 IST 2024,HMV23/000155/0224,ENTRY INTO SERVICE,BOEING-MAX,VT-YBA,HMV230001550224,CRS23/000139/0224,1.9 Y,2.7 Y
B737 MAX,VT-YAX,SNV AVIATION PRIVATE LIMITED AKASA AIR,CO23/000695/0124,13.0,33.0,Sat Feb 17 00:00:00 IST 2024,HMV23/000170/0224,ENTRY INTO SERVICE CHECK,BOEING-MAX,VT-YAX,HMV230001700224,CRS23/000145/0224,0.1 Y,1 Y
B737 NG,A6-FGA,FLYDUBAI,CO23/000733/0224,10428.0,27821.0,Wed Mar 27 00:00:00 IST 2024,HMV23/000160/0224,BASE CHECK 04 + LG REPLACEMENT + RETROFIT PACKAGE,BOEING-NG,A6-FGA,HMV230001600224,CRS23/000174/0324,7.9 Y,8.7 Y
B737 MAX,VT-YAJ,SNV AVIATION PRIVATE LIMITED AKASA AIR,CO23/000735/0224,2416.0,3623.0,Wed Feb 14 00:00:00 IST 2024,HMV23/000162/0224,,BOEING-MAX,VT-YAJ,HMV230001620224,CRS23/000143/0224,4.9 Y,5.8 Y
A320,HZ-NS47,FLYNAS,CO23/000737/0224,3360.0,6797.0,Wed Mar 13 00:00:00 IST 2024,HMV23/000167/0224,C1 CHECK + OOP TASK + AD/SB&EO + TCC,AIRBUS,HZ-NS47,HMV230001670224,CRS23/000164/0324,1.9 Y,2.8 Y
B737 MAX,VT-YBA,SNV AVIATION PRIVATE LIMITED AKASA AIR,CO23/000739/0224,12.0,34.0,Mon Feb 12 00:00:00 IST 2024,HMV23/000166/0224,RETROFIT PACKAGE,BOEING-MAX,VT-YBA,HMV230001660224,CRS23/000140/0224,1.8 Y,2.7 Y
A320,9K-CBH,JAZEERA AIRWAYS,CO23/000749/0224,3921.0,11636.0,Tue Mar 19 00:00:00 IST 2024,HMV23/000178/0224,C01+A CHECK,AIRBUS,9K-CBH,HMV230001780224,CRS23/000167/0324,2.8 Y,3.9 Y
A320,4R-MRE,SRILANKA AIRLINES LTD,CO23/000752/0224,28569.0,48466.0,Sun Apr 21 00:00:00 IST 2024,HMV23/000177/0224,1A+1C +2C/6Y + ADD TASKS,AIRBUS,4R-MRE,HMV230001770224,CRS24/000012/0424,17.9 Y,18.8 Y
B737 NG,A6-FGD,FLYDUBAI,CO23/000761/0224,10185.0,2.7594115E7,Mon May 06 00:00:00 IST 2024,HMV23/000182/0224,BASE CHECK 04,BOEING-NG,A6-FGD,HMV230001820224,CRS24/000023/0524,7.6 Y,8.4 Y
B737 NG,A6-FER,FLYDUBAI,CO23/000775/0224,12900.0,35869.0,Wed Mar 13 00:00:00 IST 2024,HMV23/000189/0224,L/G REPLACEMENT,BOEING-NG,A6-FER,HMV230001890224,CRS23/000165/0324,9.5 Y,10.2 Y
B737 NG,A6-FEC,FLYDUBAI,CO23/000776/0224,17234.0,45559.0,Mon Mar 25 00:00:00 IST 2024,HMV23/000193/0324,CABIN RETROFIT,BOEING-NG,A6-FEC,HMV230001930324,CRS23/000172/0324,11.2 Y,12.1 Y
ATR72,S2-AHF,NOVOAIR LTD,CO23/000780/0324,50468.0,51946.0,Sat May 04 00:00:00 IST 2024,HMV23/000197/0324,1C+18000 FC+8YE+12YE+OOP CHECK,ATR,S2-AHF,HMV230001970324,CRS24/000021/0524,23.9 Y,24.8 Y
A320,VP-CXS,FLYNAS,CO23/000790/0324,25692.0,42915.0,Thu Apr 04 00:00:00 IST 2024,HMV23/000198/0324,C8 CHECK + OOP TASK + AD/SB&EO,AIRBUS,VP-CXS,HMV230001980324,CRS24/000001/0424,15 Y,15.9 Y
A320,9K-AKE,KUWAIT AIRWAYS COMPANY,CO23/000791/0324,12031.0,27230.0,Sat Mar 23 00:00:00 IST 2024,HMV23/000199/0324,C1+A CHECK,AIRBUS,9K-AKE,HMV230001990324,CRS23/000170/0324,-,-
A320,9K-AKF,KUWAIT AIRWAYS COMPANY,CO23/000803/0324,11970.0,27471.0,Sat Mar 30 00:00:00 IST 2024,HMV23/000206/0324,C01+ACHK+PAINTING,AIRBUS,9K-AKF,HMV230002060324,CRS23/000175/0324,-,-
B737 NG,A6-FED,FLYDUBAI,CO23/000878/0324,17344.0,45157.0,Sun Apr 07 00:00:00 IST 2024,HMV23/000209/0324,CABIN RETROFIT,BOEING-NG,A6-FED,HMV230002090324,CRS24/000003/0424,11.2 Y,12.1 Y
A320,4R-EXR,FITS AIR,CO23/000882/0324,17460.0,29950.0,Tue Apr 16 00:00:00 IST 2024,HMV23/000211/0324,,AIRBUS,4R-EXR,HMV230002110324,CRS24/000006/0424,16.6 Y,17.5 Y
B737 NG,A6-FEQ,FLYDUBAI,CO23/000900/0324,13912.0,37717.0,Sat Apr 20 00:00:00 IST 2024,HMV23/000218/0324,CABIN RETROFIT,BOEING-NG,A6-FEQ,HMV230002180324,CRS24/000011/0424,9.3 Y,10.2 Y
B737 MAX,VT-YAM,SNV AVIATION PRIVATE LIMITED,CO23/000916/0324,2640.0,4016.0,Thu Apr 18 00:00:00 IST 2024,HMV23/000216/0324,SEAT RETROFIT,BOEING-MAX,VT-YAM,HMV230002160324,CRS24/000009/0424,4.4 Y,5.3 Y
B737 NG,A6-FGF,FLYDUBAI,CO24/000001/0424,10210.0,27644.0,Thu May 23 00:00:00 IST 2024,HMV24/000004/0424,BASE CHECK 04,BOEING-NG,A6-FGF,HMV240000040424,CRS24/000031/0524,7.4 Y,8.2 Y
A320,9K-CAK,JAZEERA AIRWAYS,CO24/000002/0424,21888.0,42310.0,Fri May 10 00:00:00 IST 2024,HMV24/000003/0424,,AIRBUS,9K-CAK,HMV240000030424,CRS24/000025/0524,14.2 Y,15 Y
A320,HZ-NS28,FLYNAS,CO24/000014/0424,6440.0,12588.0,Thu Apr 25 00:00:00 IST 2024,HMV24/000001/0424,C2 CHECK + OOP TASK + AD/SB&EO + TCC,AIRBUS,HZ-NS28,HMV240000010424,CRS24/000015/0424,3.9 Y,4.7 Y
B737 NG,A6-FEG,FLYDUBAI,CO24/000033/0424,15715.0,42719.0,Fri May 03 00:00:00 IST 2024,HMV24/000010/0424,CABIN RETROFIT,BOEING-NG,A6-FEG,HMV240000100424,CRS24/000020/0524,10.7 Y,11.5 Y
A321,8Q-FBB,BEOND SIMDI OPERATIONS PRIVATE LIMITED,CO24/000047/0424,17056.0,66321.0,Mon Sep 02 00:00:00 IST 2024,HMV24/000008/0424,,AIRBUS,8Q-FBB,HMV240000080424,CRS24/000091/0924,22 Y,22.8 Y
A320,EX-32010,AERO NOMAD AIRLINES LLC,CO24/000158/0424,28823.0,42807.0,Mon Apr 29 00:00:00 IST 2024,HMV24/000017/0424,C1 CHECK,AIRBUS,EX-32010,HMV240000170424,CRS24/000017/0424,-,-
B737 NG,A6-FEW,FLYDUBAI,CO24/000165/0424,12915.0,35842.0,Fri May 17 00:00:00 IST 2024,HMV24/000023/0424,CABIN RETROFIT FZ,BOEING-NG,A6-FEW,HMV240000230424,CRS24/000029/0524,8.9 Y,9.7 Y
B737 NG,A6-FEM,FLYDUBAI,CO24/000188/0424,14559.0,39630.0,Thu Jun 13 00:00:00 IST 2024,HMV24/000021/0424,BASE CHECK 06+CABIN RETROFIT,BOEING-NG,A6-FEM,HMV240000210424,CRS24/000045/0624,10.6 Y,10.5 Y
A320,HZ-NS48,FLYNAS,CO24/000194/0424,3625.0,7199.0,Sun May 05 00:00:00 IST 2024,HMV24/000022/0424,C1 CHECK+OOP TASK+AD/SB&EO+TCC,AIRBUS,HZ-NS48,HMV240000220424,CRS24/000022/0524,1.9 Y,2.7 Y
A320,HZ-NS29,FLYNAS,CO24/000195/0424,6487.0,12879.0,Mon May 13 00:00:00 IST 2024,HMV24/000030/0524,C2 CHECK + OOP TASK + AD/SB&EO,AIRBUS,HZ-NS29,HMV240000300524,CRS24/000027/0524,3.7 Y,4.4 Y
A319,8Q-FBA,BEOND SIMDI OPERATIONS PRIVATE LIMITED,CO24/000206/0424,31368.0,47794.0,Sat May 11 00:00:00 IST 2024,HMV24/000024/0424,,AIRBUS,8Q-FBA,HMV240000240424,CRS24/000026/0524,20.4 Y,21 Y
A320,9K-CBI,JAZEERA AIRWAYS,CO24/000207/0424,3418.0,10256.0,Fri May 24 00:00:00 IST 2024,HMV24/000026/0424,C1 CHECK,AIRBUS,9K-CBI,HMV240000260424,CRS24/000032/0524,3.1 Y,3.9 Y
ATR72,VT-IRH,INDIGO,CO24/000243/0524,3997.0,4534.0,Sat Jun 01 00:00:00 IST 2024,HMV24/000031/0524,BRIDGING CHECK,ATR,VT-IRH,HMV240000310524,CRS24/000034/0624,1.3 Y,2 Y
B737 NG,A6-FEX,FLYDUBAI,CO24/000252/0524,12804.0,35699.0,Mon Jun 03 00:00:00 IST 2024,HMV24/000034/0524,CABIN RETROFIT + L/G REPLACEMENT,BOEING-NG,A6-FEX,HMV240000340524,CRS24/000035/0624,8.9 Y,9.6 Y
B737 NG,A6-FGB,FLYDUBAI,CO24/000274/0524,10776.0,28733.0,Fri Jun 28 00:00:00 IST 2024,HMV24/000072/0524,BASE CHECK 04 + 8 YEARS,BOEING-NG,A6-FGB,HMV240000720524,CRS24/000052/0624,7.9 Y,8.5 Y
B737 NG,S2-AJG,US BANGLA,CO24/000281/0524,19224.0,33411.0,Tue Jun 11 00:00:00 IST 2024,HMV24/000042/0524,C-PHASE 01 + 12Y + OOP,BOEING-NG,S2-AJG,HMV240000420524,CRS24/000041/0624,10.5 Y,11.2 Y
B737 NG,A6-FEV,FLYDUBAI,CO24/000282/0524,13528.0,35573.0,Fri Jun 07 00:00:00 IST 2024,HMV24/000043/0524,L/G REPLACEMNET,BOEING-NG,A6-FEV,HMV240000430524,CRS24/000038/0624,9.1 Y,9.8 Y
A320,VT-IVI,INDIGO,CO24/000412/0524,11109.0,16090.0,Wed Oct 23 00:00:00 IST 2024,HMV24/000054/0524,,AIRBUS,VT-IVI,HMV240000540524,CRS24/000119/1024,-,-
ATR72,VT-IYR,INDIGO,CO24/000434/0524,11309.0,13644.0,Fri Jun 07 00:00:00 IST 2024,HMV24/000059/0524,BRIDGING CHECK,ATR,VT-IYR,HMV240000590524,CRS24/000036/0624,5.3 Y,6 Y
B737 NG,A6-FEK,FLYDUBAI,CO24/000444/0524,15259.0,41043.0,Wed Jun 12 00:00:00 IST 2024,HMV24/000058/0524,CABIN RETROFIT,BOEING-NG,A6-FEK,HMV240000580524,CRS24/000042/0624,10.3 Y,11 Y
B737-800(BCF),VT-BAZ,QUIKJET CARGO AIRLINES PRIVATE LIMITED,CO24/000452/0524,38637.0,61558.0,Sat Jun 08 00:00:00 IST 2024,HMV24/000060/0524,C CHECK,BOEING-NG,VT-BAZ,HMV240000600524,CRS24/000039/0624,25.1 Y,25.7 Y
ATR72,VT-IRA,INDIGO,CO24/000453/0524,6878.0,7965.0,Tue Jun 18 00:00:00 IST 2024,HMV24/000063/0524,BRIDGING CHECK,ATR,VT-IRA,HMV240000630524,CRS24/000048/0624,3.7 Y,4.4 Y
B737 NG,A6-FGE,FLYDUBAI,CO24/000495/0524,10325.0,28002.0,Mon Jul 15 00:00:00 IST 2024,HMV24/000091/0624,BASE CHECK 04,BOEING-NG,A6-FGE,HMV240000910624,CRS24/000063/0724,8.7 Y,8.3 Y
ATR72,VT-IYD,INDIGO,CO24/000537/0524,14967.0,17530.0,Sun Jun 23 00:00:00 IST 2024,HMV24/000070/0524,BRIDGING CHECK,ATR,VT-IYD,HMV240000700524,CRS24/000050/0624,6.2 Y,6.9 Y
ATR72,VT-IYV,INDIGO,CO24/000539/0524,10955.0,13014.0,Wed Jul 03 00:00:00 IST 2024,HMV24/000074/0524,BRIDGING CHECK,ATR,VT-IYV,HMV240000740524,CRS24/000055/0724,5.2 Y,5.9 Y
ATR72,VT-IXV,INDIGO,CO24/000540/0524,7847.0,9262.0,Mon Jul 08 00:00:00 IST 2024,HMV24/000076/0624,BRIDGING CHECK,ATR,VT-IXV,HMV240000760624,CRS24/000059/0724,4.8 Y,5.2 Y
ATR72,VT-IYG,INDIGO,CO24/000541/0524,14891.0,17699.0,Sat Jul 13 00:00:00 IST 2024,HMV24/000089/0624,BRIDGING CHECK,ATR,VT-IYG,HMV240000890624,CRS24/000061/0724,6.2 Y,6.8 Y
ATR72,VT-IXS,INDIGO,CO24/000542/0524,7786.0,9295.0,Tue Jul 16 00:00:00 IST 2024,HMV24/000096/0624,BRIDGING CHECK,ATR,VT-IXS,HMV240000960624,CRS24/000066/0724,4.8 Y,5.4 Y
ATR72,VT-IYS,INDIGO,CO24/000543/0524,7836.0,9246.0,Sat Jul 20 00:00:00 IST 2024,HMV24/000102/0724,BRIDGING CHECK,ATR,VT-IYS,HMV240001020724,CRS24/000067/0724,3.4 Y,3.9 Y
ATR72,VT-IYW,INDIGO,CO24/000545/0524,10850.0,12925.0,Wed Jul 24 00:00:00 IST 2024,HMV24/000104/0724,BRIDGING CHECK,ATR,VT-IYW,HMV240001040724,CRS24/000069/0724,5.3 Y,5.8 Y
B737-800(BCF),VT-AAZ,QUIKJET CARGO AIRLINES PRIVATE LIMITED,CO24/000688/0624,28859.0,50117.0,Sat Jun 29 00:00:00 IST 2024,HMV24/000078/0624,,BOEING-NG,VT-AAZ,HMV240000780624,CRS24/000054/0624,22.2 Y,22.8 Y
B737 MAX,A6-FQD,FLYDUBAI,CO24/000806/0624,11.0,26.0,Wed Jul 03 00:00:00 IST 2024,HMV24/000084/0624,ENTRY INTO SERVICE,BOEING-MAX,A6-FQD,HMV240000840624,CRS24/000056/0724,0.4 Y,0.5 Y
B737 NG,A6-FGC,FLYDUBAI,CO24/000807/0624,10882.0,29346.0,Wed Jul 31 00:00:00 IST 2024,HMV24/000098/0624,C04+8YR CHECK,BOEING-NG,A6-FGC,HMV240000980624,CRS24/000072/0724,7.9 Y,8.5 Y
B737 NG,A6-FEP,FLYDUBAI,CO24/000808/0624,14204.0,38607.0,Tue Aug 13 00:00:00 IST 2024,HMV24/000106/0724,BASE CHECK 06 + L/G REPL,BOEING-NG,A6-FEP,HMV240001060724,CRS24/000079/0824,9.8 Y,10.3 Y
B737 NG,A6-FEW,FLYDUBAI,CO24/000809/0624,13149.0,36372.0,Tue Jul 16 00:00:00 IST 2024,HMV24/000097/0624,L/G REPL A6-FEW,BOEING-NG,A6-FEW,HMV240000970624,CRS24/000064/0724,9.1 Y,9.7 Y
B737 NG,A6-FEU,FLYDUBAI,CO24/000810/0624,14236.0,37217.0,Sat Aug 24 00:00:00 IST 2024,HMV24/000116/0724,L/G REPL,BOEING-NG,A6-FEU,HMV240001160724,CRS24/000084/0824,9.4 Y,9.9 Y
B737 NG,A6-FGH,FLYDUBAI,CO24/001630/0724,10334.0,27837.0,Fri Sep 13 00:00:00 IST 2024,HMV24/000132/0724,BASE CHECK 04,BOEING-NG,A6-FGH,HMV240001320724,CRS24/000096/0924,7.6 Y,8.1 Y
ATR72,S2-AKK,US BANGLA,CO24/001641/0724,11897.0,7976.0,Fri Aug 02 00:00:00 IST 2024,HMV24/000113/0724,1C CHECK,ATR,S2-AKK,HMV240001130724,CRS24/000073/0824,-,-
B737 NG,A6-FED,FLYDUBAI,CO24/001797/0724,17812.0,46472.0,Wed Aug 28 00:00:00 IST 2024,HMV24/000118/0724,BASE CHECK 08,BOEING-NG,A6-FED,HMV240001180724,CRS24/000086/0824,11.6 Y,12.1 Y
ATR72,8Q-IAY,ISLAND AVIATION SERVICES LTD,CO24/002032/0724,4419.0,4351.0,Sun Aug 11 00:00:00 IST 2024,HMV24/000128/0724,2 YEARLY CHECK,ATR,8Q-IAY,HMV240001280724,CRS24/000078/0824,1.6 Y,2.1 Y
ATR72,8Q-IAZ,ISLAND AVIATION SERVICES LTD,CO24/002033/0724,4484.0,4316.0,Fri Aug 23 00:00:00 IST 2024,HMV24/000153/0824,2 YEARLY CHECK,ATR,8Q-IAZ,HMV240001530824,CRS24/000083/0824,1.7 Y,2.1 Y
B737 MAX,A4O-MK,OMAN AIR,CO24/002141/0724,3476.0,7101.0,Sun Aug 18 00:00:00 IST 2024,HMV24/000136/0724,1C CHECK,BOEING-MAX,A4O-MK,HMV240001360724,CRS24/000081/0824,4.7 Y,5.2 Y
B737 MAX,A4O-MG,OMAN AIR,CO24/002142/0724,3026.0,6935.0,Fri Aug 30 00:00:00 IST 2024,HMV24/000150/0824,1C CHECK,BOEING-MAX,A4O-MG,HMV240001500824,CRS24/000089/0824,5.4 Y,5.8 Y
B737 MAX,A4O-MJ,OMAN AIR,CO24/002143/0724,3303.0,7303.0,Mon Sep 09 00:00:00 IST 2024,HMV24/000160/0824,1C CHECK,BOEING-MAX,A4O-MJ,HMV240001600824,CRS24/000094/0924,5.1 Y,5.5 Y
B737 NG,A6-FES,FLYDUBAI,CO24/002388/0724,14012.0,39631.0,Tue Oct 01 00:00:00 IST 2024,HMV24/000139/0724,C06+10YR+LG REPL+WGH,BOEING-NG,A6-FES,HMV240001390724,CRS24/000106/1024,9.6 Y,10.1 Y
A321,A6-WAH,WIZZ AIR ABU DHABI LLC,CO24/003306/0824,6447.0,17306.0,Mon Sep 23 00:00:00 IST 2024,HMV24/000164/0824,4C CHECK,BOEING-NG,A6-WAH,HMV240001640824,CRS24/000102/0924,5.7 Y,6.1 Y
B737 NG,A6-FEQ,FLYDUBAI,CO24/003479/0824,14533.0,39630.0,Thu Oct 17 00:00:00 IST 2024,HMV24/000190/0924,C06+10YR+LG REPL,BOEING-NG,A6-FEQ,HMV240001900924,CRS24/000116/1024,9.9 Y,10.2 Y
B737 MAX,VT-YAP,SNV AVIATION PRIVATE LIMITED,CO24/003482/0824,3296.0,5104.0,Mon Sep 09 00:00:00 IST 2024,HMV24/000168/0824,SEAT RETROFIT,BOEING-MAX,VT-YAP,HMV240001680824,CRS24/000093/0924,4.8 Y,5.2 Y
B737 MAX,VT-YAJ,SNV AVIATION PRIVATE LIMITED,CO24/003484/0824,3624.0,5553.0,Sat Sep 28 00:00:00 IST 2024,HMV24/000197/0924,SEAT RATROFIT,BOEING-MAX,VT-YAJ,HMV240001970924,CRS24/000103/0924,5.5 Y,5.8 Y
B737 MAX,VT-YAL,SNV AVIATION PRIVATE LIMITED,CO24/003485/0824,3739.0,5718.0,Tue Oct 08 00:00:00 IST 2024,HMV24/000207/0924,SEAT RETROFIT,BOEING-MAX,VT-YAL,HMV240002070924,CRS24/000112/1024,5.1 Y,5.4 Y
B737 MAX,VT-YAT,SNV AVIATION PRIVATE LIMITED,CO24/003486/0824,3049.0,4760.0,Fri Sep 20 00:00:00 IST 2024,HMV24/000173/0824,SEAT RETROFIT,BOEING-MAX,VT-YAT,HMV240001730824,CRS24/000097/0924,4.7 Y,5.1 Y
B737 NG,A6-FET,FLYDUBAI,CO24/003487/0824,13714.0,38209.0,Sat Sep 21 00:00:00 IST 2024,HMV24/000170/0824,CABIN RETROFIT,BOEING-NG,A6-FET,HMV240001700824,CRS24/000101/0924,9.6 Y,10 Y
B737 NG,A6-FGI,FLYDUBAI,CO24/003537/0824,10322.0,27657.0,Fri Oct 04 00:00:00 IST 2024,HMV24/000171/0824,CABIN RETROFIT,BOEING-NG,A6-FGI,HMV240001710824,CRS24/000109/1024,7.5 Y,7.9 Y
A320,VP-CXR,FLYNAS,CO24/003705/0824,26230.0,44214.0,Sun Sep 29 00:00:00 IST 2024,HMV24/000181/0924,C8+OOP TASK+AD&SB+TCC,AIRBUS,VP-CXR,HMV240001810924,CRS24/000105/0924,15.4 Y,15.7 Y
A320,YL-LDE,SMARTLYNX AIRLINES LTD,CO24/003991/0924,29982.0,41510.0,Sat Sep 28 00:00:00 IST 2024,HMV24/000187/0924,SEAT RETROFIT,AIRBUS,YL-LDE,HMV240001870924,CRS24/000104/0924,16.8 Y,17.1 Y
B737 NG,A6-FEV,FLYDUBAI,CO24/004116/0924,14055.0,37093.0,Thu Oct 17 00:00:00 IST 2024,HMV24/000189/0924,LG REPL A6-FEV,BOEING-NG,A6-FEV,HMV240001890924,CRS24/000117/1024,9.5 Y,9.8 Y
A321,A6-WAB,WIZZ AIR ABU DHABI LLC,CO24/004126/0924,7571.0,16941.0,Fri Oct 18 00:00:00 IST 2024,HMV24/000193/0924,4C CHECK,BOEING-NG,A6-WAB,HMV240001930924,CRS24/000118/1024,5.6 Y,5.9 Y
B737 NG,A6-FGB,FLYDUBAI,CO24/004255/0924,11329.0,30089.0,Sat Nov 16 00:00:00 IST 2024,HMV24/000195/0924,CABIN RETROFIT,BOEING-NG,A6-FGB,HMV240001950924,CRS24/000129/1124,8.2 Y,8.5 Y
A320,ES-SAF,SMARTLYNX AIRLINES LTD,CO24/004626/0924,14018.0,36177.0,Fri Nov 22 00:00:00 IST 2024,HMV24/000200/0924,SEAT REPLACEMENT,AIRBUS,ES-SAF,HMV240002000924,CRS24/000132/1124,11.9 Y,12.2 Y
A319,A5-RGG,DRUK AIR,CO24/004826/0924,20292.0,30798.0,Sun Oct 06 00:00:00 IST 2024,HMV24/000204/0924,L/G REPLACEMENT,AIRBUS,A5-RGG,HMV240002040924,CRS24/000110/1024,19.8 Y,20.1 Y
B737 NG,A6-FER,FLYDUBAI,CO24/005229/1024,13792.0,38593.0,Tue Nov 26 00:00:00 IST 2024,HMV24/000209/1024,C06+10 YR+WGH+RETROFIT,BOEING-NG,A6-FER,HMV240002091024,CRS24/000135/1124,10 Y,10.2 Y
A321,A6-WZB,WIZZ AIR ABU DHABI LLC,CO24/005625/1024,3713.0,12025.0,Tue Oct 29 00:00:00 IST 2024,HMV24/000217/1024,3C CHECK,BOEING-NG,A6-WZB,HMV240002171024,CRS24/000121/1024,4.2 Y,4.4 Y
B737 NG,A6-FEC,FLYDUBAI,CO24/005678/1024,18023.0,48099.0,Sat Nov 02 00:00:00 IST 2024,HMV24/000218/1024,C08+12YR,BOEING-NG,A6-FEC,HMV240002181024,CRS24/000122/1124,12 Y,12.2 Y
A320,HZ-NS22,FLYNAS,CO24/005941/1024,9552.0,17217.0,Sat Nov 16 00:00:00 IST 2024,HMV24/000220/1024,C3 + 6YE CHECK + OOP TASK + AD/SB&EO,AIRBUS,HZ-NS22,HMV240002201024,CRS24/000130/1124,6 Y,6.2 Y
A320,YL-LDD,SMARTLYNX AIRLINES LTD,CO24/005942/1024,30686.0,42652.0,Tue Nov 26 00:00:00 IST 2024,HMV24/000219/1024,SEAT REPLACEMENT,AIRBUS,YL-LDD,HMV240002191024,CRS24/000133/1124,17.1 Y,17.3 Y
A321,A6-WAA,WIZZ AIR ABU DHABI LLC,CO24/006037/1024,10886.0,22312.0,Sun Nov 10 00:00:00 IST 2024,HMV24/000222/1024,5C CHECK + REPAIR,BOEING-NG,A6-WAA,HMV240002221024,CRS24/000127/1124,7.3 Y,7.5 Y
A321,A6-WZA,WIZZ AIR ABU DHABI LLC,CO24/006667/1024,4105.0,13534.0,Sun Nov 17 00:00:00 IST 2024,HMV24/000232/1124,3C CHECK,BOEING-NG,A6-WZA,HMV240002321124,CRS24/000131/1124,4.3 Y,4.4 Y
A320,9H-SLH,SMARTLYNX AIRLINES LTD,CO24/006731/1024,25053.0,43647.0,Wed Dec 04 00:00:00 IST 2024,HMV24/000231/1124,SEAT RETROFIT,AIRBUS,9H-SLH,HMV240002311124,CRS24/000140/1224,16.8 Y,16.9 Y
A320,ES-SAZ,SMARTLYNX AIRLINES LTD,CO24/006854/1124,22103.0,41885.0,Sat Nov 16 00:00:00 IST 2024,HMV24/000233/1124,SEAT RETROFIT,AIRBUS,ES-SAZ,HMV240002331124,CRS24/000128/1124,17.1 Y,17.2 Y
B737 NG,A6-FGG,FLYDUBAI,CO24/006994/1124,10723.0,29236.0,Mon Dec 16 00:00:00 IST 2024,HMV24/000237/1124,BASE CHECK 04,BOEING-NG,A6-FGG,HMV240002371124,CRS24/000146/1224,8 Y,8.1 Y
A321,A6-WAC,WIZZ AIR ABU DHABI LLC,CO24/007032/1124,10540.0,21651.0,Tue Nov 26 00:00:00 IST 2024,HMV24/000234/1124,5C CHECK,BOEING-NG,A6-WAC,HMV240002341124,CRS24/000134/1124,7.4 Y,7.5 Y
A320,VT-IIR,INDIGO,CO24/007085/1124,7117.0,11663.0,Thu Nov 28 00:00:00 IST 2024,HMV24/000240/1124,1C CHECK,AIRBUS,VT-IIR,HMV240002401124,CRS24/000136/1124,2.9 Y,3 Y
A320,VT-IIQ,INDIGO,CO24/007086/1124,7266.0,11792.0,Wed Dec 11 00:00:00 IST 2024,HMV24/000244/1124,1C CHECK,AIRBUS,VT-IIQ,HMV240002441124,CRS24/000142/1224,3.9 Y,4 Y
A320,HZ-NS33,FLYNAS,CO24/007126/1124,6445.0,13148.0,Fri Nov 29 00:00:00 IST 2024,HMV24/000235/1124,C2 CHECK + OOP TASK + AD/SB&EO + TCC,AIRBUS,HZ-NS33,HMV240002351124,CRS24/000137/1124,4 Y,4.1 Y
A320,9H-SLD,SMARTLYNX AIRLINES LTD,CO24/007137/1124,24771.0,43078.0,Sat Nov 30 00:00:00 IST 2024,HMV24/000242/1124,SEAT RETROFIT,AIRBUS,9H-SLD,HMV240002421124,CRS24/000138/1124,16.8 Y,16.9 Y
B737 NG,A6-FEO,FLYDUBAI,CO24/007714/1124,14967.0,42010.0,Sat Dec 14 00:00:00 IST 2024,HMV24/000246/1124,L/G REPLACEMENT,BOEING-NG,A6-FEO,HMV240002461124,CRS24/000144/1224,10.4 Y,10.5 Y
